{"cameraMode":{"drawMode":0,"name":"Shaded","section":"Shading Mode"},"sceneLighting":true,"audioPlay":false,"sceneViewState":{"showFog":true,"showMaterialUpdate":false,"showSkybox":true,"showFlares":true,"showImageEffects":true,"showParticleSystems":true},"in2DMode":false,"pivot":{"x":297.4806213378906,"y":-193.09295654296876,"z":23.340879440307618},"rotation":{"x":-0.16802868247032166,"y":-0.7815365195274353,"z":0.2382643073797226,"w":-0.5517776012420654},"size":182.5179443359375,"orthographic":false}