{"cameraMode":{"drawMode":0,"name":"Shaded","section":"Shading Mode"},"sceneLighting":true,"audioPlay":false,"sceneViewState":{"showFog":true,"showMaterialUpdate":false,"showSkybox":true,"showFlares":true,"showImageEffects":true,"showParticleSystems":true},"in2DMode":false,"pivot":{"x":103.85928344726563,"y":-89.74800109863281,"z":-57.5067138671875},"rotation":{"x":0.045640766620635989,"y":0.9530479311943054,"z":-0.23511525988578797,"w":0.18626768887043},"size":246.73312377929688,"orthographic":false}