{"cameraMode":{"drawMode":0,"name":"Shaded","section":"Shading Mode"},"sceneLighting":false,"audioPlay":false,"sceneViewState":{"showFog":true,"showMaterialUpdate":false,"showSkybox":false,"showFlares":true,"showImageEffects":true,"showParticleSystems":true},"in2DMode":false,"pivot":{"x":-2.3722598552703859,"y":1.3430051803588868,"z":0.7372811436653137},"rotation":{"x":0.2330799251794815,"y":0.5900825262069702,"z":0.18358901143074037,"w":-0.7510533928871155},"size":3.7487006187438967,"orthographic":false}