{"cameraMode":{"drawMode":0,"name":"Shaded","section":"Shading Mode"},"sceneLighting":true,"audioPlay":false,"sceneViewState":{"showFog":true,"showMaterialUpdate":false,"showSkybox":true,"showFlares":true,"showImageEffects":true,"showParticleSystems":true},"in2DMode":false,"pivot":{"x":-82.41552734375,"y":43.73976135253906,"z":77.72913360595703},"rotation":{"x":-0.14946751296520234,"y":-0.5989993214607239,"z":0.11444567888975144,"w":-0.7787662148475647},"size":15.920119285583496,"orthographic":false}