{"cameraMode":{"drawMode":0,"name":"Shaded","section":"Shading Mode"},"sceneLighting":true,"audioPlay":false,"sceneViewState":{"showFog":true,"showMaterialUpdate":false,"showSkybox":true,"showFlares":true,"showImageEffects":true,"showParticleSystems":true},"in2DMode":false,"pivot":{"x":-359.5462646484375,"y":-179.6844024658203,"z":116.4114990234375},"rotation":{"x":0.12929555773735047,"y":-0.7366729378700256,"z":0.1467350870370865,"w":0.6475741267204285},"size":257.9852600097656,"orthographic":false}