{"cameraMode":{"drawMode":0,"name":"Shaded","section":"Shading Mode"},"sceneLighting":false,"audioPlay":false,"sceneViewState":{"showFog":true,"showMaterialUpdate":false,"showSkybox":false,"showFlares":true,"showImageEffects":true,"showParticleSystems":true},"in2DMode":false,"pivot":{"x":43.64262008666992,"y":8.611104011535645,"z":-25.8823299407959},"rotation":{"x":0.10818693041801453,"y":-0.490164190530777,"z":0.06160755082964897,"w":0.8628026247024536},"size":1.5721993446350098,"orthographic":false}